{"options":{},"indexes":[{"v":1,"key":{"_id":1},"name":"_id_","ns":"pypi.releases"},{"v":1,"key":{"package_id":1},"name":"package_id_1","ns":"pypi.releases","background":false},{"v":1,"key":{"version_number":1},"name":"version_number_1","ns":"pypi.releases","background":false},{"v":1,"key":{"topics":1},"name":"topics_1","ns":"pypi.releases","background":false},{"v":1,"key":{"programming_languages":1},"name":"programming_languages_1","ns":"pypi.releases","background":false},{"v":1,"key":{"health.ci":1},"name":"health.ci_1","ns":"pypi.releases","background":false}]}